20170209_p1_light1.csv,150,168,walk,353,365,walk,,,,,,,,,,,,,,,,,,,,,,,,,,,,,,
20170209_p1_light2.csv,158,191,sitdown,195,220,sit,230,274,standup,278,301,stand,438,465,sitdown,470,500,sit,506,541,standup,545,562,stand,,,,,,,,,,,,
20170209_p1_light3.csv,148,194,sitdown,195,215,sit,219,255,standup,257,276,stand,370,404,sitdown,407,427,sit,430,454,standup,455,480,stand,,,,,,,,,,,,
20170209_p1_light4.csv,132,163,falling1,165,185,lie,277,299,falling1,305,320,lie,,,,,,,,,,,,,,,,,,,,,,,,
20170209_p1_light5.csv,190,217,falling2,225,240,lie,333,358,falling2,365,385,lie,,,,,,,,,,,,,,,,,,,,,,,,
20170209_p1_dark1.csv,129,145,walk,221,232,walk,,,,,,,,,,,,,,,,,,,,,,,,,,,,,,
20170209_p1_dark2.csv,166,193,sitdown,195,225,sit,229,263,standup,265,280,stand,370,396,sitdown,400,423,sit,425,453,standup,455,479,stand,,,,,,,,,,,,
20170209_p1_dark3.csv,145,170,sitdown,175,200,sit,205,235,standup,240,256,stand,361,384,sitdown,390,410,sit,416,447,standup,450,470,stand,,,,,,,,,,,,
20170209_p1_dark4.csv,222,244,falling1,250,270,lie,396,415,falling1,420,454,lie,,,,,,,,,,,,,,,,,,,,,,,,
20170209_p1_dark5.csv,159,188,falling2,194,217,lie,344,371,falling2,380,395,lie,,,,,,,,,,,,,,,,,,,,,,,,
20170209_p2_light1.csv,131,156,walk,260,274,walk,,,,,,,,,,,,,,,,,,,,,,,,,,,,,,
20170209_p2_light2.csv,197,231,sitdown,240,270,sit,273,299,standup,305,320,stand,404,431,sitdown,435,460,sit,463,492,standup,495,515,stand,,,,,,,,,,,,
20170209_p2_light3.csv,135,160,sitdown,165,200,sit,207,235,standup,240,266,stand,368,398,sitdown,400,430,sit,437,453,standup,455,474,stand,,,,,,,,,,,,
20170209_p2_light4.csv,101,129,falling1,135,150,lie,238,253,falling1,260,280,lie,,,,,,,,,,,,,,,,,,,,,,,,
20170209_p2_light5.csv,155,180,falling2,185,200,lie,323,349,falling2,355,370,lie,,,,,,,,,,,,,,,,,,,,,,,,
20170209_p2_dark1.csv,135,159,walk,269,286,walk,,,,,,,,,,,,,,,,,,,,,,,,,,,,,,
20170209_p2_dark2.csv,107,140,sitdown,141,154,sit,155,188,standup,190,213,stand,305,335,sitdown,340,362,sit,365,398,standup,400,427,stand,,,,,,,,,,,,
20170209_p2_dark3.csv,125,149,sitdown,152,180,sit,195,225,standup,230,254,stand,341,377,sitdown,380,400,sit,402,433,standup,435,460,stand,,,,,,,,,,,,
20170209_p2_dark4.csv,94,115,falling1,125,140,lie,230,245,falling1,255,270,lie,,,,,,,,,,,,,,,,,,,,,,,,
20170209_p2_dark5.csv,180,205,falling2,210,235,lie,361,389,falling2,395,420,lie,,,,,,,,,,,,,,,,,,,,,,,,
20170209_p3_light1.csv,226,245,walk,350,366,walk,,,,,,,,,,,,,,,,,,,,,,,,,,,,,,
20170209_p3_light2.csv,116,147,sitdown,150,165,sit,167,198,standup,200,213,stand,283,313,sitdown,315,340,sit,342,364,standup,370,393,stand,,,,,,,,,,,,
20170209_p3_light3.csv,100,140,sitdown,145,170,sit,179,217,standup,220,239,stand,300,333,sitdown,340,370,sit,374,396,standup,400,415,stand,,,,,,,,,,,,
20170209_p3_light4.csv,121,143,falling1,150,165,lie,298,318,falling1,325,340,lie,,,,,,,,,,,,,,,,,,,,,,,,
20170209_p3_light5.csv,127,167,falling2,180,205,lie,318,341,falling2,345,370,lie,,,,,,,,,,,,,,,,,,,,,,,,
20170209_p3_dark1.csv,124,141,walk,224,239,walk,,,,,,,,,,,,,,,,,,,,,,,,,,,,,,
20170209_p3_dark2.csv,120,145,sitdown,150,175,sit,180,215,standup,220,240,stand,322,354,sitdown,356,379,sit,381,409,standup,412,437,stand,,,,,,,,,,,,
20170209_p3_dark3.csv,110,142,sitdown,145,165,sit,168,202,standup,205,225,stand,310,333,sitdown,335,365,sit,371,400,standup,405,427,stand,,,,,,,,,,,,
20170209_p3_dark4.csv,140,163,falling1,170,190,lie,282,302,falling1,310,330,lie,,,,,,,,,,,,,,,,,,,,,,,,
20170209_p3_dark5.csv,132,158,falling2,165,185,lie,293,321,falling2,328,350,lie,,,,,,,,,,,,,,,,,,,,,,,,
20170209_p4_light1.csv,139,157,walk,254,270,walk,,,,,,,,,,,,,,,,,,,,,,,,,,,,,,
20170209_p4_light2.csv,115,144,sitdown,150,175,sit,181,211,standup,220,243,stand,309,336,sitdown,340,365,sit,369,393,standup,395,416,stand,,,,,,,,,,,,
20170209_p4_light3.csv,106,141,sitdown,145,175,sit,181,219,standup,225,240,stand,311,340,sitdown,345,370,sit,375,405,standup,410,435,stand,,,,,,,,,,,,
20170209_p4_light4.csv,103,122,falling1,130,150,lie,249,267,falling1,275,300,lie,,,,,,,,,,,,,,,,,,,,,,,,
20170209_p4_light5.csv,160,190,falling2,200,230,lie,341,378,falling2,385,415,lie,,,,,,,,,,,,,,,,,,,,,,,,
20170209_p4_dark1.csv,132,156,walk,251,261,walk,,,,,,,,,,,,,,,,,,,,,,,,,,,,,,
20170209_p4_dark2.csv,132,155,sitdown,160,190,sit,203,236,standup,240,257,stand,322,343,sitdown,348,375,sit,381,407,standup,415,440,stand,,,,,,,,,,,,
20170209_p4_dark3.csv,111,143,sitdown,145,180,sit,186,207,standup,215,235,stand,310,339,sitdown,345,370,sit,372,398,standup,403,428,stand,,,,,,,,,,,,
20170209_p4_dark4.csv,105,123,falling1,130,150,lie,242,268,falling1,275,290,lie,,,,,,,,,,,,,,,,,,,,,,,,
20170209_p4_dark5.csv,174,206,falling2,215,230,lie,355,384,falling2,390,420,lie,,,,,,,,,,,,,,,,,,,,,,,,
20170209_p5_light1.csv,103,118,walk,254,265,walk,,,,,,,,,,,,,,,,,,,,,,,,,,,,,,
20170209_p5_light2.csv,123,152,sitdown,155,185,sit,190,222,standup,225,250,stand,329,353,sitdown,355,385,sit,388,413,standup,415,435,stand,,,,,,,,,,,,
20170209_p5_light3.csv,113,148,sitdown,150,177,sit,180,222,standup,225,246,stand,324,353,sitdown,355,385,sit,390,413,standup,420,440,stand,,,,,,,,,,,,
20170209_p5_light4.csv,115,140,falling1,145,162,lie,227,246,falling1,250,270,lie,,,,,,,,,,,,,,,,,,,,,,,,
20170209_p5_light5.csv,138,165,falling2,170,200,lie,300,325,falling2,335,360,lie,,,,,,,,,,,,,,,,,,,,,,,,
20170209_p5_dark1.csv,138,155,walk,252,265,walk,,,,,,,,,,,,,,,,,,,,,,,,,,,,,,
20170209_p5_dark2.csv,106,130,sitdown,135,155,sit,159,201,standup,205,235,stand,308,336,sitdown,340,360,sit,364,393,standup,395,410,stand,,,,,,,,,,,,
20170209_p5_dark3.csv,98,128,sitdown,135,160,sit,163,200,standup,205,230,stand,306,337,sitdown,340,360,sit,365,391,standup,395,415,stand,,,,,,,,,,,,
20170209_p5_dark4.csv,121,140,falling1,145,170,lie,261,279,falling1,285,300,lie,,,,,,,,,,,,,,,,,,,,,,,,
20170209_p5_dark5.csv,128,156,falling2,160,180,lie,272,305,falling2,310,330,lie,,,,,,,,,,,,,,,,,,,,,,,,
20170209_p6_light1.csv,336,358,walk,473,485,walk,,,,,,,,,,,,,,,,,,,,,,,,,,,,,,
20170209_p6_light2.csv,134,166,sitdown,170,195,sit,200,234,standup,240,260,stand,327,352,sitdown,355,380,sit,393,419,standup,425,450,stand,,,,,,,,,,,,
20170209_p6_light3.csv,105,144,sitdown,146,160,sit,164,210,standup,215,230,stand,306,337,sitdown,340,365,sit,373,399,standup,405,427,stand,,,,,,,,,,,,
20170209_p6_light4.csv,87,103,falling1,110,130,lie,232,253,falling1,260,280,lie,,,,,,,,,,,,,,,,,,,,,,,,
20170209_p6_light5.csv,182,210,falling2,220,240,lie,350,374,falling2,380,400,lie,,,,,,,,,,,,,,,,,,,,,,,,
20170209_p6_dark1.csv,139,150,walk,224,237,walk,,,,,,,,,,,,,,,,,,,,,,,,,,,,,,
20170209_p6_dark2.csv,109,142,sitdown,145,160,sit,163,197,standup,200,220,stand,302,326,sitdown,330,355,sit,360,386,standup,390,410,stand,,,,,,,,,,,,
20170209_p6_dark3.csv,105,137,sitdown,140,175,sit,182,218,standup,220,240,stand,321,355,sitdown,360,380,sit,386,422,standup,425,450,stand,,,,,,,,,,,,
20170209_p6_dark4.csv,99,121,falling1,125,140,lie,211,227,falling1,235,250,lie,,,,,,,,,,,,,,,,,,,,,,,,
20170209_p6_dark5.csv,169,197,falling2,200,220,lie,347,375,falling2,380,400,lie,,,,,,,,,,,,,,,,,,,,,,,,
20170209_p7_light1.csv,107,127,walk,240,251,walk,,,,,,,,,,,,,,,,,,,,,,,,,,,,,,
20170209_p7_light2.csv,121,152,sitdown,155,180,sit,186,219,standup,225,247,stand,349,371,sitdown,375,400,sit,412,438,standup,445,460,stand,,,,,,,,,,,,
20170209_p7_light3.csv,112,141,sitdown,145,165,sit,168,195,standup,200,220,stand,286,326,sitdown,330,342,sit,344,369,standup,375,400,stand,,,,,,,,,,,,
20170209_p7_light4.csv,114,133,falling1,140,160,lie,256,277,falling1,280,300,lie,,,,,,,,,,,,,,,,,,,,,,,,
20170209_p7_light5.csv,136,159,falling2,165,190,lie,299,325,falling2,330,350,lie,,,,,,,,,,,,,,,,,,,,,,,,
20170209_p7_dark1.csv,131,146,walk,274,285,walk,,,,,,,,,,,,,,,,,,,,,,,,,,,,,,
20170209_p7_dark2.csv,144,165,sitdown,170,195,sit,201,235,standup,240,255,stand,339,369,sitdown,375,395,sit,396,420,standup,425,453,stand,,,,,,,,,,,,
20170209_p7_dark3.csv,104,132,sitdown,135,160,sit,165,190,standup,195,215,stand,286,308,sitdown,315,335,sit,341,365,standup,370,384,stand,,,,,,,,,,,,
20170209_p7_dark4.csv,111,136,falling1,140,160,lie,242,262,falling1,265,285,lie,,,,,,,,,,,,,,,,,,,,,,,,
20170209_p7_dark5.csv,147,170,falling2,180,210,lie,312,337,falling2,340,360,lie,,,,,,,,,,,,,,,,,,,,,,,,
20170209_p8_light1.csv,142,159,walk,268,279,walk,,,,,,,,,,,,,,,,,,,,,,,,,,,,,,
20170209_p8_light2.csv,116,144,sitdown,150,175,sit,181,208,standup,210,234,stand,312,334,sitdown,338,360,sit,364,395,standup,400,425,stand,,,,,,,,,,,,
20170209_p8_light3.csv,105,125,sitdown,130,145,sit,152,194,standup,200,220,stand,299,324,sitdown,330,355,sit,359,386,standup,390,411,stand,,,,,,,,,,,,
20170209_p8_light4.csv,87,100,falling1,110,135,lie,206,223,falling1,230,245,lie,,,,,,,,,,,,,,,,,,,,,,,,
20170209_p8_light5.csv,152,179,falling2,185,200,lie,325,352,falling2,355,380,lie,,,,,,,,,,,,,,,,,,,,,,,,
20170209_p8_dark1.csv,144,156,walk,254,267,walk,,,,,,,,,,,,,,,,,,,,,,,,,,,,,,
20170209_p8_dark2.csv,98,120,sitdown,125,150,sit,152,193,standup,195,210,stand,283,313,sitdown,315,335,sit,340,369,standup,375,395,stand,,,,,,,,,,,,
20170209_p8_dark3.csv,106,131,sitdown,135,155,sit,164,196,standup,200,216,stand,290,320,sitdown,325,340,sit,345,378,standup,380,391,stand,,,,,,,,,,,,
20170209_p8_dark4.csv,88,110,falling1,120,135,lie,211,232,falling1,240,255,lie,,,,,,,,,,,,,,,,,,,,,,,,
20170209_p8_dark5.csv,125,149,falling2,150,161,lie,228,256,falling2,260,280,lie,,,,,,,,,,,,,,,,,,,,,,,,
20170209_p9_light1.csv,131,147,walk1,170,200,sitdown,205,230,sit,238,270,standup,275,295,stand,300,313,walk2,395,406,walk1,423,455,sitdown,460,480,sit,485,502,standup,545,565,stand,591,603,walk2
20170209_p9_dark1.csv,117,129,walk1,149,182,sitdown,185,205,sit,210,241,standup,245,258,stand,290,303,walk2,386,400,walk1,427,456,sitdown,460,485,sit,487,518,standup,520,545,stand,555,567,walk2
20170209_p10_light1.csv,114,132,walk1,157,186,sitdown,190,205,sit,211,239,standup,242,263,stand,276,288,walk2,373,388,walk1,414,439,sitdown,445,470,sit,478,506,standup,510,530,stand,543,553,walk2
20170209_p10_dark1.csv,101,114,walk1,138,163,sitdown,170,190,sit,195,227,standup,235,257,stand,270,282,walk2,368,380,walk1,402,427,sitdown,430,455,sit,461,482,standup,485,508,stand,524,537,walk2
20170209_p11_light1.csv,98,113,walk1,148,180,sitdown,185,200,sit,205,253,standup,255,277,stand,284,296,walk2,401,412,walk1,436,462,sitdown,465,490,sit,494,525,standup,530,550,stand,569,584,walk2
20170209_p11_dark1.csv,102,113,walk1,140,165,sitdown,170,195,sit,201,228,standup,235,254,stand,266,282,walk2,394,406,walk1,433,456,sitdown,460,485,sit,486,518,standup,520,546,stand,559,571,walk2
20170209_p12_light1.csv,136,148,walk1,167,195,sitdown,200,225,sit,230,269,standup,275,292,stand,305,317,walk2,412,425,walk1,449,474,sitdown,476,500,sit,508,532,standup,535,560,stand,576,587,walk2
20170209_p12_dark1.csv,192,206,walk1,226,256,sitdown,260,290,sit,297,320,standup,325,346,stand,366,382,walk2,490,504,walk1,530,552,sitdown,555,580,sit,588,615,standup,620,645,stand,668,679,walk2
20170209_p13_light1.csv,74,91,falling1,100,120,lie,222,242,falling1,250,270,lie,,,,,,,,,,,,,,,,,,,,,,,,
20170209_p13_light2.csv,127,154,falling1,160,180,lie,280,307,falling1,310,325,lie,,,,,,,,,,,,,,,,,,,,,,,,
20170209_p13_dark1.csv,109,129,falling1,135,150,lie,241,266,falling1,270,300,lie,,,,,,,,,,,,,,,,,,,,,,,,
20170209_p13_dark2.csv,128,163,falling1,165,180,lie,270,286,falling1,290,310,lie,,,,,,,,,,,,,,,,,,,,,,,,
20170209_p14_light1.csv,118,140,falling1,145,159,lie,255,273,falling1,275,299,lie,,,,,,,,,,,,,,,,,,,,,,,,
20170209_p14_light2.csv,102,123,falling1,130,150,lie,231,253,falling1,260,280,lie,,,,,,,,,,,,,,,,,,,,,,,,
20170209_p14_dark1.csv,100,116,falling1,120,140,lie,242,263,falling1,270,290,lie,,,,,,,,,,,,,,,,,,,,,,,,
20170209_p14_dark2.csv,103,125,falling1,140,155,lie,246,265,falling1,270,290,lie,,,,,,,,,,,,,,,,,,,,,,,,
20170209_p15_light1.csv,123,140,walk1,205,224,walk2,334,349,walk1,413,427,walk2,,,,,,,,,,,,,,,,,,,,,,,,
20170209_p15_light2.csv,116,134,walk1,211,226,walk2,309,328,walk1,400,414,walk2,,,,,,,,,,,,,,,,,,,,,,,,
20170209_p15_dark1.csv,124,140,walk1,193,211,walk2,306,321,walk1,374,392,walk2,,,,,,,,,,,,,,,,,,,,,,,,
20170209_p15_dark2.csv,104,123,walk1,203,221,walk2,295,311,walk1,376,393,walk2,,,,,,,,,,,,,,,,,,,,,,,,
